keyword,count
C,2790
JAVA,2282
前端工程师,2223
PYTHON,2095
后端开发,1088
PHP,1012
IOS,889
数据挖掘,874
ANDROID,850
数据可视化,829
网络,812
GO,729
HTML5,723
运维,712
大数据工程师,675
图像处理,642
SCALA,608
数据分析处理,606
NOSQL,603
数据清洗,595
嵌入式,566
SERVER,555
测试工程师,527
.NET,514
WEB,458
PERL,451
HADOOP,426
SHELL,342
深度学习,334
数据应用开发,318
机器学习,299
RUBY,263
精准推荐,247
自然语言处理,237
JAVASCRIPT,231
移动开发,228
数据采集,203
语音识别,164
数据标注,138
NODE.JS,129
图数据库,127
爬虫,123
智能应用,117
SPARK,98
算法工程师,94
人工智能,72
FLASH,71
区块链,69
全栈工程师,67
机器视觉,61
数据库管理,55
BI数据,54
搜索算法,54
大数据运维,49
图像识别,31
VB,22
网管,22
技术支持,22
ASP,13
DELPHI,10
WP,2
